uniprot	cluster	filename	region_1	region_2	conformation	state
P53042	U10-000	P53042_U10-000_unrelaxed_rank_001_alphafold2_multimer_v2_model_1_seed_000.pdb	28-129	495-499,200-494	Closed	Active
P29350	009	P29350_009_unrelaxed_rank_005_alphafold2_multimer_v2_model_1_seed_000.pdb	1-105	244-515	Open	Active
P62826	008	P62826_008_unrelaxed_rank_004_alphafold2_multimer_v2_model_1_seed_000.pdb	179-216	10-169	Open	
Q96BN8	004	Q96BN8_004_unrelaxed_rank_003_alphafold2_multimer_v2_model_1_seed_000.pdb	330-340	129-341	Closed	Autoinhibited
P27577	005	P27577_005_unrelaxed_rank_003_alphafold2_multimer_v2_model_1_seed_000.pdb	304-310,416-441	335-415	Closed	Autoinhibited
P07038	U100-000	P07038_U100-000_unrelaxed_rank_003_alphafold2_multimer_v2_model_1_seed_000.pdb	892-917	562-625	Closed	Autoinhibited
P07038	000	P07038_000_unrelaxed_rank_001_alphafold2_multimer_v2_model_1_seed_000.pdb	892-917	562-625	Closed	Autoinhibited
P35520	009	P35520_009_unrelaxed_rank_003_alphafold2_multimer_v2_model_1_seed_000.pdb	414-551	40-413	Open	Active
P12931	U10-000	P12931_U10-000_unrelaxed_rank_003_alphafold2_multimer_v2_model_1_seed_000.pdb	249-269,151-248	84-145,524-536	Closed	Autoinhibited
P29350	005	P29350_005_unrelaxed_rank_001_alphafold2_multimer_v2_model_1_seed_000.pdb	1-105	244-515	Open	Active
Q8NQJ3	003	Q8NQJ3_003_unrelaxed_rank_002_alphafold2_multimer_v2_model_1_seed_000.pdb	1-40	68-117	Closed	Autoinhibited
P53042	003	P53042_003_unrelaxed_rank_005_alphafold2_multimer_v2_model_1_seed_000.pdb	28-129	495-499,200-494	Closed	Active
P22681	U10-000	P22681_U10-000_unrelaxed_rank_002_alphafold2_multimer_v2_model_1_seed_000.pdb	353-380	381-435	Open	Active
P62826	003	P62826_003_unrelaxed_rank_001_alphafold2_multimer_v2_model_1_seed_000.pdb	179-216	10-169	Open	
P35520	002	P35520_002_unrelaxed_rank_001_alphafold2_multimer_v2_model_1_seed_000.pdb	414-551	40-413	Open	Active
P22681	006	P22681_006_unrelaxed_rank_001_alphafold2_multimer_v2_model_1_seed_000.pdb	353-380	381-435	Open	Active
Q8NQJ3	004	Q8NQJ3_004_unrelaxed_rank_001_alphafold2_multimer_v2_model_1_seed_000.pdb	1-40	68-117	Closed	Autoinhibited
P22681	000	P22681_000_unrelaxed_rank_001_alphafold2_multimer_v2_model_1_seed_000.pdb	353-380	381-435	Open	Active
P29350	U10-000	P29350_U10-000_unrelaxed_rank_005_alphafold2_multimer_v2_model_1_seed_000.pdb	1-105	244-515	Open	Active
P26358	U100-000	P26358_U100-000_unrelaxed_rank_002_alphafold2_multimer_v2_model_1_seed_000.pdb	647-714	1140-1602	Closed	Autoinhibited
P27577	006	P27577_006_unrelaxed_rank_002_alphafold2_multimer_v2_model_1_seed_000.pdb	304-310,416-441	335-415	Closed	Autoinhibited
P28482	006	P28482_006_unrelaxed_rank_001_alphafold2_multimer_v2_model_1_seed_000.pdb	173-196	25-172,197-313	Open	Active
O08967	002	O08967_002_unrelaxed_rank_003_alphafold2_multimer_v2_model_1_seed_000.pdb	251-265,383-395	77-206	Closed	Autoinhibited
P22681	002	P22681_002_unrelaxed_rank_003_alphafold2_multimer_v2_model_1_seed_000.pdb	353-380	381-435	Open	Active
P28482	002	P28482_002_unrelaxed_rank_002_alphafold2_multimer_v2_model_1_seed_000.pdb	173-196	25-172,197-313	Open	Active
P28482	009	P28482_009_unrelaxed_rank_001_alphafold2_multimer_v2_model_1_seed_000.pdb	173-196	25-172,197-313	Open	Active
P26358	U10-000	P26358_U10-000_unrelaxed_rank_001_alphafold2_multimer_v2_model_1_seed_000.pdb	647-714	1140-1602	Closed	Autoinhibited
P27577	008	P27577_008_unrelaxed_rank_001_alphafold2_multimer_v2_model_1_seed_000.pdb	304-310,416-441	335-415	Closed	Autoinhibited
P62826	006	P62826_006_unrelaxed_rank_005_alphafold2_multimer_v2_model_1_seed_000.pdb	179-216	10-169	Open	
P53042	000	P53042_000_unrelaxed_rank_001_alphafold2_multimer_v2_model_1_seed_000.pdb	28-129	495-499,200-494	Closed	Active
P62826	000	P62826_000_unrelaxed_rank_001_alphafold2_multimer_v2_model_1_seed_000.pdb	179-216	10-169	Open	
P35520	005	P35520_005_unrelaxed_rank_002_alphafold2_multimer_v2_model_1_seed_000.pdb	414-551	40-413	Open	Active
Q96BN8	001	Q96BN8_001_unrelaxed_rank_003_alphafold2_multimer_v2_model_1_seed_000.pdb	330-340	129-341	Closed	Autoinhibited
O60741	U100-000	O60741_U100-000_unrelaxed_rank_001_alphafold2_multimer_v2_model_1_seed_000.pdb	401-479	480-604	Closed	Active
P12931	001	P12931_001_unrelaxed_rank_001_alphafold2_multimer_v2_model_1_seed_000.pdb	249-269,151-248	84-145,524-536	Closed	Autoinhibited
P22681	005	P22681_005_unrelaxed_rank_004_alphafold2_multimer_v2_model_1_seed_000.pdb	353-380	381-435	Open	Active
P12931	006	P12931_006_unrelaxed_rank_002_alphafold2_multimer_v2_model_1_seed_000.pdb	249-269,151-248	84-145,524-536	Closed	Autoinhibited
P27577	007	P27577_007_unrelaxed_rank_004_alphafold2_multimer_v2_model_1_seed_000.pdb	304-310,416-441	335-415	Closed	Autoinhibited
O08967	006	O08967_006_unrelaxed_rank_001_alphafold2_multimer_v2_model_1_seed_000.pdb	251-265,383-395	77-206	Closed	Autoinhibited
P53042	004	P53042_004_unrelaxed_rank_001_alphafold2_multimer_v2_model_1_seed_000.pdb	28-129	495-499,200-494	Closed	Active
P29350	U100-000	P29350_U100-000_unrelaxed_rank_001_alphafold2_multimer_v2_model_1_seed_000.pdb	1-105	244-515	Open	Active
Q9Y6K1	001	Q9Y6K1_001_unrelaxed_rank_001_alphafold2_multimer_v2_model_1_seed_000.pdb	476-626	634-912	Open	Active
Q96BN8	U10-000	Q96BN8_U10-000_unrelaxed_rank_003_alphafold2_multimer_v2_model_1_seed_000.pdb	330-340	129-341	Closed	Autoinhibited
Q96BN8	009	Q96BN8_009_unrelaxed_rank_002_alphafold2_multimer_v2_model_1_seed_000.pdb	330-340	129-341	Closed	Autoinhibited
P62826	005	P62826_005_unrelaxed_rank_001_alphafold2_multimer_v2_model_1_seed_000.pdb	179-216	10-169	Open	
P22681	001	P22681_001_unrelaxed_rank_004_alphafold2_multimer_v2_model_1_seed_000.pdb	353-380	381-435	Open	Active
P53042	001	P53042_001_unrelaxed_rank_003_alphafold2_multimer_v2_model_1_seed_000.pdb	28-129	495-499,200-494	Closed	Active
P27577	000	P27577_000_unrelaxed_rank_001_alphafold2_multimer_v2_model_1_seed_000.pdb	304-310,416-441	335-415	Closed	Autoinhibited
Q96BN8	008	Q96BN8_008_unrelaxed_rank_002_alphafold2_multimer_v2_model_1_seed_000.pdb	330-340	129-341	Closed	Autoinhibited
P35520	007	P35520_007_unrelaxed_rank_003_alphafold2_multimer_v2_model_1_seed_000.pdb	414-551	40-413	Open	Active
P53042	002	P53042_002_unrelaxed_rank_001_alphafold2_multimer_v2_model_1_seed_000.pdb	28-129	495-499,200-494	Closed	Active
P27577	004	P27577_004_unrelaxed_rank_003_alphafold2_multimer_v2_model_1_seed_000.pdb	304-310,416-441	335-415	Closed	Autoinhibited
P29350	002	P29350_002_unrelaxed_rank_004_alphafold2_multimer_v2_model_1_seed_000.pdb	1-105	244-515	Open	Active
P12931	000	P12931_000_unrelaxed_rank_002_alphafold2_multimer_v2_model_1_seed_000.pdb	249-269,151-248	84-145,524-536	Closed	Autoinhibited
P28482	000	P28482_000_unrelaxed_rank_001_alphafold2_multimer_v2_model_1_seed_000.pdb	173-196	25-172,197-313	Open	Active
P62826	U100-000	P62826_U100-000_unrelaxed_rank_003_alphafold2_multimer_v2_model_1_seed_000.pdb	179-216	10-169	Open	
P62826	004	P62826_004_unrelaxed_rank_005_alphafold2_multimer_v2_model_1_seed_000.pdb	179-216	10-169	Open	
P07038	002	P07038_002_unrelaxed_rank_001_alphafold2_multimer_v2_model_1_seed_000.pdb	892-917	562-625	Closed	Autoinhibited
Q6GQQ9	009	Q6GQQ9_009_unrelaxed_rank_002_alphafold2_multimer_v2_model_1_seed_000.pdb	187-193	194-365	Closed	Active
O08967	U10-000	O08967_U10-000_unrelaxed_rank_004_alphafold2_multimer_v2_model_1_seed_000.pdb	251-265,383-395	77-206	Closed	Autoinhibited
P29350	001	P29350_001_unrelaxed_rank_004_alphafold2_multimer_v2_model_1_seed_000.pdb	1-105	244-515	Open	Active
P60240	U10-000	P60240_U10-000_unrelaxed_rank_001_alphafold2_multimer_v2_model_1_seed_000.pdb	1-110	147-416,441-659	Open	Active
P28482	007	P28482_007_unrelaxed_rank_001_alphafold2_multimer_v2_model_1_seed_000.pdb	173-196	25-172,197-313	Open	Active
P53042	005	P53042_005_unrelaxed_rank_002_alphafold2_multimer_v2_model_1_seed_000.pdb	28-129	495-499,200-494	Closed	Active
P53042	008	P53042_008_unrelaxed_rank_001_alphafold2_multimer_v2_model_1_seed_000.pdb	28-129	495-499,200-494	Closed	Active
P28482	U100-000	P28482_U100-000_unrelaxed_rank_001_alphafold2_multimer_v2_model_1_seed_000.pdb	173-196	25-172,197-313	Open	Active
P29350	007	P29350_007_unrelaxed_rank_005_alphafold2_multimer_v2_model_1_seed_000.pdb	1-105	244-515	Open	Active
P29350	004	P29350_004_unrelaxed_rank_004_alphafold2_multimer_v2_model_1_seed_000.pdb	1-105	244-515	Open	Active
P53042	U100-000	P53042_U100-000_unrelaxed_rank_002_alphafold2_multimer_v2_model_1_seed_000.pdb	28-129	495-499,200-494	Closed	Active
Q96BN8	000	Q96BN8_000_unrelaxed_rank_002_alphafold2_multimer_v2_model_1_seed_000.pdb	330-340	129-341	Closed	Autoinhibited
P35520	008	P35520_008_unrelaxed_rank_002_alphafold2_multimer_v2_model_1_seed_000.pdb	414-551	40-413	Open	Active
Q8NQJ3	001	Q8NQJ3_001_unrelaxed_rank_005_alphafold2_multimer_v2_model_1_seed_000.pdb	1-40	68-117	Closed	Autoinhibited
Q96BN8	005	Q96BN8_005_unrelaxed_rank_004_alphafold2_multimer_v2_model_1_seed_000.pdb	330-340	129-341	Closed	Autoinhibited
Q96BN8	002	Q96BN8_002_unrelaxed_rank_001_alphafold2_multimer_v2_model_1_seed_000.pdb	330-340	129-341	Closed	Autoinhibited
Q96BN8	U100-000	Q96BN8_U100-000_unrelaxed_rank_001_alphafold2_multimer_v2_model_1_seed_000.pdb	330-340	129-341	Closed	Autoinhibited
P22681	003	P22681_003_unrelaxed_rank_004_alphafold2_multimer_v2_model_1_seed_000.pdb	353-380	381-435	Open	Active
P28482	003	P28482_003_unrelaxed_rank_001_alphafold2_multimer_v2_model_1_seed_000.pdb	173-196	25-172,197-313	Open	Active
P22681	007	P22681_007_unrelaxed_rank_002_alphafold2_multimer_v2_model_1_seed_000.pdb	353-380	381-435	Open	Active
P35520	006	P35520_006_unrelaxed_rank_001_alphafold2_multimer_v2_model_1_seed_000.pdb	414-551	40-413	Open	Active
Q8NQJ3	000	Q8NQJ3_000_unrelaxed_rank_004_alphafold2_multimer_v2_model_1_seed_000.pdb	1-40	68-117	Closed	Autoinhibited
Q8NQJ3	005	Q8NQJ3_005_unrelaxed_rank_003_alphafold2_multimer_v2_model_1_seed_000.pdb	1-40	68-117	Closed	Autoinhibited
P62826	002	P62826_002_unrelaxed_rank_005_alphafold2_multimer_v2_model_1_seed_000.pdb	179-216	10-169	Open	
P12931	003	P12931_003_unrelaxed_rank_001_alphafold2_multimer_v2_model_1_seed_000.pdb	249-269,151-248	84-145,524-536	Closed	Autoinhibited
P60240	U100-000	P60240_U100-000_unrelaxed_rank_001_alphafold2_multimer_v2_model_1_seed_000.pdb	1-110	147-416,441-659	Open	Active
P27577	001	P27577_001_unrelaxed_rank_002_alphafold2_multimer_v2_model_1_seed_000.pdb	304-310,416-441	335-415	Closed	Autoinhibited
Q8NQJ3	U10-000	Q8NQJ3_U10-000_unrelaxed_rank_002_alphafold2_multimer_v2_model_1_seed_000.pdb	1-40	68-117	Closed	Autoinhibited
P22681	004	P22681_004_unrelaxed_rank_003_alphafold2_multimer_v2_model_1_seed_000.pdb	353-380	381-435	Open	Active
P27577	U100-000	P27577_U100-000_unrelaxed_rank_002_alphafold2_multimer_v2_model_1_seed_000.pdb	304-310,416-441	335-415	Closed	Autoinhibited
O08967	U100-000	O08967_U100-000_unrelaxed_rank_001_alphafold2_multimer_v2_model_1_seed_000.pdb	251-265,383-395	77-206	Closed	Autoinhibited
Q9Y6K1	U10-000	Q9Y6K1_U10-000_unrelaxed_rank_001_alphafold2_multimer_v2_model_1_seed_000.pdb	476-626	634-912	Open	Active
P28482	001	P28482_001_unrelaxed_rank_001_alphafold2_multimer_v2_model_1_seed_000.pdb	173-196	25-172,197-313	Open	Active
P29350	006	P29350_006_unrelaxed_rank_003_alphafold2_multimer_v2_model_1_seed_000.pdb	1-105	244-515	Open	Active
Q8NQJ3	U100-000	Q8NQJ3_U100-000_unrelaxed_rank_005_alphafold2_multimer_v2_model_1_seed_000.pdb	1-40	68-117	Closed	Autoinhibited
P62826	009	P62826_009_unrelaxed_rank_002_alphafold2_multimer_v2_model_1_seed_000.pdb	179-216	10-169	Open	
Q6GQQ9	002	Q6GQQ9_002_unrelaxed_rank_003_alphafold2_multimer_v2_model_1_seed_000.pdb	187-193	194-365	Closed	Active
Q6GQQ9	004	Q6GQQ9_004_unrelaxed_rank_002_alphafold2_multimer_v2_model_1_seed_000.pdb	187-193	194-365	Closed	Active
Q8NQJ3	006	Q8NQJ3_006_unrelaxed_rank_001_alphafold2_multimer_v2_model_1_seed_000.pdb	1-40	68-117	Closed	Autoinhibited
O08967	000	O08967_000_unrelaxed_rank_002_alphafold2_multimer_v2_model_1_seed_000.pdb	251-265,383-395	77-206	Closed	Autoinhibited
Q6GQQ9	U10-000	Q6GQQ9_U10-000_unrelaxed_rank_005_alphafold2_multimer_v2_model_1_seed_000.pdb	187-193	194-365	Closed	Active
Q6GQQ9	001	Q6GQQ9_001_unrelaxed_rank_003_alphafold2_multimer_v2_model_1_seed_000.pdb	187-193	194-365	Closed	Active
O08967	008	O08967_008_unrelaxed_rank_003_alphafold2_multimer_v2_model_1_seed_000.pdb	251-265,383-395	77-206	Closed	Autoinhibited
P35520	000	P35520_000_unrelaxed_rank_001_alphafold2_multimer_v2_model_1_seed_000.pdb	414-551	40-413	Open	Active
P07038	U10-000	P07038_U10-000_unrelaxed_rank_002_alphafold2_multimer_v2_model_1_seed_000.pdb	892-917	562-625	Closed	Autoinhibited
P22681	008	P22681_008_unrelaxed_rank_003_alphafold2_multimer_v2_model_1_seed_000.pdb	353-380	381-435	Open	Active
P28482	004	P28482_004_unrelaxed_rank_001_alphafold2_multimer_v2_model_1_seed_000.pdb	173-196	25-172,197-313	Open	Active
P53042	009	P53042_009_unrelaxed_rank_001_alphafold2_multimer_v2_model_1_seed_000.pdb	28-129	495-499,200-494	Closed	Active
Q96BN8	003	Q96BN8_003_unrelaxed_rank_001_alphafold2_multimer_v2_model_1_seed_000.pdb	330-340	129-341	Closed	Autoinhibited
O08967	004	O08967_004_unrelaxed_rank_002_alphafold2_multimer_v2_model_1_seed_000.pdb	251-265,383-395	77-206	Closed	Autoinhibited
P35520	U10-000	P35520_U10-000_unrelaxed_rank_005_alphafold2_multimer_v2_model_1_seed_000.pdb	414-551	40-413	Open	Active
P12931	U100-001	P12931_U100-001_unrelaxed_rank_001_alphafold2_multimer_v2_model_1_seed_000.pdb	249-269,151-248	84-145,524-536	Closed	Autoinhibited
P22681	U100-000	P22681_U100-000_unrelaxed_rank_001_alphafold2_multimer_v2_model_1_seed_000.pdb	353-380	381-435	Open	Active
P28482	008	P28482_008_unrelaxed_rank_001_alphafold2_multimer_v2_model_1_seed_000.pdb	173-196	25-172,197-313	Open	Active
Q8NQJ3	002	Q8NQJ3_002_unrelaxed_rank_005_alphafold2_multimer_v2_model_1_seed_000.pdb	1-40	68-117	Closed	Autoinhibited
P62826	001	P62826_001_unrelaxed_rank_001_alphafold2_multimer_v2_model_1_seed_000.pdb	179-216	10-169	Open	
O60741	U10-000	O60741_U10-000_unrelaxed_rank_001_alphafold2_multimer_v2_model_1_seed_000.pdb	401-479	480-604	Closed	Active
P07038	001	P07038_001_unrelaxed_rank_002_alphafold2_multimer_v2_model_1_seed_000.pdb	892-917	562-625	Closed	Autoinhibited
P29350	008	P29350_008_unrelaxed_rank_003_alphafold2_multimer_v2_model_1_seed_000.pdb	1-105	244-515	Open	Active
P28482	005	P28482_005_unrelaxed_rank_001_alphafold2_multimer_v2_model_1_seed_000.pdb	173-196	25-172,197-313	Open	Active
Q9Y6K1	U100-000	Q9Y6K1_U100-000_unrelaxed_rank_001_alphafold2_multimer_v2_model_1_seed_000.pdb	476-626	634-912	Open	Active
O08967	007	O08967_007_unrelaxed_rank_003_alphafold2_multimer_v2_model_1_seed_000.pdb	251-265,383-395	77-206	Closed	Autoinhibited
P12931	004	P12931_004_unrelaxed_rank_001_alphafold2_multimer_v2_model_1_seed_000.pdb	249-269,151-248	84-145,524-536	Closed	Autoinhibited
P21333	U100-000	P21333_U100-000_unrelaxed_rank_001_alphafold2_multimer_v2_model_1_seed_000.pdb	2142-2235	2236-2325	Closed	Autoinhibited
P35520	004	P35520_004_unrelaxed_rank_003_alphafold2_multimer_v2_model_1_seed_000.pdb	414-551	40-413	Open	Active
P35520	003	P35520_003_unrelaxed_rank_002_alphafold2_multimer_v2_model_1_seed_000.pdb	414-551	40-413	Open	Active
P27577	009	P27577_009_unrelaxed_rank_002_alphafold2_multimer_v2_model_1_seed_000.pdb	304-310,416-441	335-415	Closed	Autoinhibited
P60240	000	P60240_000_unrelaxed_rank_001_alphafold2_multimer_v2_model_1_seed_000.pdb	1-110	147-416,441-659	Open	Active
P53042	006	P53042_006_unrelaxed_rank_002_alphafold2_multimer_v2_model_1_seed_000.pdb	28-129	495-499,200-494	Closed	Active
Q6GQQ9	007	Q6GQQ9_007_unrelaxed_rank_001_alphafold2_multimer_v2_model_1_seed_000.pdb	187-193	194-365	Closed	Active
Q6GQQ9	006	Q6GQQ9_006_unrelaxed_rank_001_alphafold2_multimer_v2_model_1_seed_000.pdb	187-193	194-365	Closed	Active
P35520	001	P35520_001_unrelaxed_rank_003_alphafold2_multimer_v2_model_1_seed_000.pdb	414-551	40-413	Open	Active
P27577	002	P27577_002_unrelaxed_rank_003_alphafold2_multimer_v2_model_1_seed_000.pdb	304-310,416-441	335-415	Closed	Autoinhibited
P28482	U10-000	P28482_U10-000_unrelaxed_rank_001_alphafold2_multimer_v2_model_1_seed_000.pdb	173-196	25-172,197-313	Open	Active
P12931	009	P12931_009_unrelaxed_rank_003_alphafold2_multimer_v2_model_1_seed_000.pdb	249-269,151-248	84-145,524-536	Closed	Autoinhibited
P35520	U100-000	P35520_U100-000_unrelaxed_rank_001_alphafold2_multimer_v2_model_1_seed_000.pdb	414-551	40-413	Open	Active
P27577	U10-000	P27577_U10-000_unrelaxed_rank_004_alphafold2_multimer_v2_model_1_seed_000.pdb	304-310,416-441	335-415	Closed	Autoinhibited
Q6GQQ9	U100-000	Q6GQQ9_U100-000_unrelaxed_rank_001_alphafold2_multimer_v2_model_1_seed_000.pdb	187-193	194-365	Closed	Active
P29350	010	P29350_010_unrelaxed_rank_005_alphafold2_multimer_v2_model_1_seed_000.pdb	1-105	244-515	Open	Active
P29350	003	P29350_003_unrelaxed_rank_001_alphafold2_multimer_v2_model_1_seed_000.pdb	1-105	244-515	Open	Active
P12931	007	P12931_007_unrelaxed_rank_001_alphafold2_multimer_v2_model_1_seed_000.pdb	249-269,151-248	84-145,524-536	Closed	Autoinhibited
P12931	002	P12931_002_unrelaxed_rank_005_alphafold2_multimer_v2_model_1_seed_000.pdb	249-269,151-248	84-145,524-536	Closed	Autoinhibited
Q8NQJ3	009	Q8NQJ3_009_unrelaxed_rank_004_alphafold2_multimer_v2_model_1_seed_000.pdb	1-40	68-117	Closed	Autoinhibited
O08967	003	O08967_003_unrelaxed_rank_003_alphafold2_multimer_v2_model_1_seed_000.pdb	251-265,383-395	77-206	Closed	Autoinhibited
Q96BN8	006	Q96BN8_006_unrelaxed_rank_001_alphafold2_multimer_v2_model_1_seed_000.pdb	330-340	129-341	Closed	Autoinhibited
P12931	005	P12931_005_unrelaxed_rank_001_alphafold2_multimer_v2_model_1_seed_000.pdb	249-269,151-248	84-145,524-536	Closed	Autoinhibited
P29350	000	P29350_000_unrelaxed_rank_001_alphafold2_multimer_v2_model_1_seed_000.pdb	1-105	244-515	Open	Active
P21333	U10-000	P21333_U10-000_unrelaxed_rank_001_alphafold2_multimer_v2_model_1_seed_000.pdb	2142-2235	2236-2325	Closed	Autoinhibited
Q9Y6K1	000	Q9Y6K1_000_unrelaxed_rank_002_alphafold2_multimer_v2_model_1_seed_000.pdb	476-626	634-912	Open	Active
Q96BN8	007	Q96BN8_007_unrelaxed_rank_004_alphafold2_multimer_v2_model_1_seed_000.pdb	330-340	129-341	Closed	Autoinhibited
Q8NQJ3	008	Q8NQJ3_008_unrelaxed_rank_002_alphafold2_multimer_v2_model_1_seed_000.pdb	1-40	68-117	Closed	Autoinhibited
P22681	009	P22681_009_unrelaxed_rank_001_alphafold2_multimer_v2_model_1_seed_000.pdb	353-380	381-435	Open	Active
P12931	008	P12931_008_unrelaxed_rank_004_alphafold2_multimer_v2_model_1_seed_000.pdb	249-269,151-248	84-145,524-536	Closed	Autoinhibited
O08967	001	O08967_001_unrelaxed_rank_001_alphafold2_multimer_v2_model_1_seed_000.pdb	251-265,383-395	77-206	Closed	Autoinhibited
Q6GQQ9	000	Q6GQQ9_000_unrelaxed_rank_001_alphafold2_multimer_v2_model_1_seed_000.pdb	187-193	194-365	Closed	Active
Q8NQJ3	007	Q8NQJ3_007_unrelaxed_rank_005_alphafold2_multimer_v2_model_1_seed_000.pdb	1-40	68-117	Closed	Autoinhibited
P62826	007	P62826_007_unrelaxed_rank_003_alphafold2_multimer_v2_model_1_seed_000.pdb	179-216	10-169	Open	
O08967	009	O08967_009_unrelaxed_rank_004_alphafold2_multimer_v2_model_1_seed_000.pdb	251-265,383-395	77-206	Closed	Autoinhibited
P27577	003	P27577_003_unrelaxed_rank_003_alphafold2_multimer_v2_model_1_seed_000.pdb	304-310,416-441	335-415	Closed	Autoinhibited
Q6GQQ9	008	Q6GQQ9_008_unrelaxed_rank_002_alphafold2_multimer_v2_model_1_seed_000.pdb	187-193	194-365	Closed	Active
P53042	007	P53042_007_unrelaxed_rank_001_alphafold2_multimer_v2_model_1_seed_000.pdb	28-129	495-499,200-494	Closed	Active
O08967	005	O08967_005_unrelaxed_rank_003_alphafold2_multimer_v2_model_1_seed_000.pdb	251-265,383-395	77-206	Closed	Autoinhibited
Q6GQQ9	005	Q6GQQ9_005_unrelaxed_rank_001_alphafold2_multimer_v2_model_1_seed_000.pdb	187-193	194-365	Closed	Active
Q6GQQ9	003	Q6GQQ9_003_unrelaxed_rank_005_alphafold2_multimer_v2_model_1_seed_000.pdb	187-193	194-365	Closed	Active
O60741	000	O60741_000_unrelaxed_rank_002_alphafold2_multimer_v2_model_1_seed_000.pdb	401-479	480-604	Closed	Active
P62826	U10-000	P62826_U10-000_unrelaxed_rank_001_alphafold2_multimer_v2_model_1_seed_000.pdb	179-216	10-169	Open	
