uniprot	cluster	region_1	region_2	filename	complex_mean_plddt	r1_mean_plddt	r2_mean_plddt
P53042	U10-000	28-129	495-499,200-494	P53042_U10-000_unrelaxed_rank_001_alphafold2_multimer_v2_model_1_seed_000.pdb	91.585	94.419	92.121
P53042	003	28-129	495-499,200-494	P53042_003_unrelaxed_rank_005_alphafold2_multimer_v2_model_1_seed_000.pdb	75.632	78.231	75.108
P53042	000	28-129	495-499,200-494	P53042_000_unrelaxed_rank_001_alphafold2_multimer_v2_model_1_seed_000.pdb	93.833	95.381	95.456
P53042	004	28-129	495-499,200-494	P53042_004_unrelaxed_rank_001_alphafold2_multimer_v2_model_1_seed_000.pdb	51.323	68.22	41.953
P53042	001	28-129	495-499,200-494	P53042_001_unrelaxed_rank_003_alphafold2_multimer_v2_model_1_seed_000.pdb	67.626	77.994	64.996
P53042	002	28-129	495-499,200-494	P53042_002_unrelaxed_rank_001_alphafold2_multimer_v2_model_1_seed_000.pdb	90.999	94.445	91.219
P53042	005	28-129	495-499,200-494	P53042_005_unrelaxed_rank_002_alphafold2_multimer_v2_model_1_seed_000.pdb	68.991	66.531	67.846
P53042	008	28-129	495-499,200-494	P53042_008_unrelaxed_rank_001_alphafold2_multimer_v2_model_1_seed_000.pdb	86.056	94.959	82.914
P53042	U100-000	28-129	495-499,200-494	P53042_U100-000_unrelaxed_rank_002_alphafold2_multimer_v2_model_1_seed_000.pdb	94.349	95.384	95.786
P53042	009	28-129	495-499,200-494	P53042_009_unrelaxed_rank_001_alphafold2_multimer_v2_model_1_seed_000.pdb	67.935	61.952	69.669
P53042	006	28-129	495-499,200-494	P53042_006_unrelaxed_rank_002_alphafold2_multimer_v2_model_1_seed_000.pdb	50.915	76.183	36.698
P53042	007	28-129	495-499,200-494	P53042_007_unrelaxed_rank_001_alphafold2_multimer_v2_model_1_seed_000.pdb	89.444	94.117	89.051
P29350	009	1-105	244-515	P29350_009_unrelaxed_rank_005_alphafold2_multimer_v2_model_1_seed_000.pdb	55.962	57.353	61.924
P29350	005	1-105	244-515	P29350_005_unrelaxed_rank_001_alphafold2_multimer_v2_model_1_seed_000.pdb	54.317	64.97	48.498
P29350	U10-000	1-105	244-515	P29350_U10-000_unrelaxed_rank_005_alphafold2_multimer_v2_model_1_seed_000.pdb	77.032	84.295	82.49
P29350	U100-000	1-105	244-515	P29350_U100-000_unrelaxed_rank_001_alphafold2_multimer_v2_model_1_seed_000.pdb	87.853	93.972	95.275
P29350	002	1-105	244-515	P29350_002_unrelaxed_rank_004_alphafold2_multimer_v2_model_1_seed_000.pdb	70.423	80.247	69.294
P29350	001	1-105	244-515	P29350_001_unrelaxed_rank_004_alphafold2_multimer_v2_model_1_seed_000.pdb	55.675	67.372	50.503
P29350	007	1-105	244-515	P29350_007_unrelaxed_rank_005_alphafold2_multimer_v2_model_1_seed_000.pdb	52.252	52.445	55.047
P29350	004	1-105	244-515	P29350_004_unrelaxed_rank_004_alphafold2_multimer_v2_model_1_seed_000.pdb	73.326	88.07	76.232
P29350	006	1-105	244-515	P29350_006_unrelaxed_rank_003_alphafold2_multimer_v2_model_1_seed_000.pdb	53.405	61.359	51.78
P29350	008	1-105	244-515	P29350_008_unrelaxed_rank_003_alphafold2_multimer_v2_model_1_seed_000.pdb	55.906	68.888	52.854
P29350	010	1-105	244-515	P29350_010_unrelaxed_rank_005_alphafold2_multimer_v2_model_1_seed_000.pdb	52.584	60.206	52.827
P29350	003	1-105	244-515	P29350_003_unrelaxed_rank_001_alphafold2_multimer_v2_model_1_seed_000.pdb	78.009	86.256	81.121
P29350	000	1-105	244-515	P29350_000_unrelaxed_rank_001_alphafold2_multimer_v2_model_1_seed_000.pdb	48.829	47.972	52.085
P62826	008	179-216	10-169	P62826_008_unrelaxed_rank_004_alphafold2_multimer_v2_model_1_seed_000.pdb	53.094	57.455	51.353
P62826	003	179-216	10-169	P62826_003_unrelaxed_rank_001_alphafold2_multimer_v2_model_1_seed_000.pdb	81.014	66.524	84.188
P62826	006	179-216	10-169	P62826_006_unrelaxed_rank_005_alphafold2_multimer_v2_model_1_seed_000.pdb	50.325	65.956	45.61
P62826	000	179-216	10-169	P62826_000_unrelaxed_rank_001_alphafold2_multimer_v2_model_1_seed_000.pdb	94.057	89.483	95.681
P62826	005	179-216	10-169	P62826_005_unrelaxed_rank_001_alphafold2_multimer_v2_model_1_seed_000.pdb	82.469	65.965	85.71
P62826	U100-000	179-216	10-169	P62826_U100-000_unrelaxed_rank_003_alphafold2_multimer_v2_model_1_seed_000.pdb	93.139	82.871	95.955
P62826	004	179-216	10-169	P62826_004_unrelaxed_rank_005_alphafold2_multimer_v2_model_1_seed_000.pdb	86.011	63.616	91.083
P62826	002	179-216	10-169	P62826_002_unrelaxed_rank_005_alphafold2_multimer_v2_model_1_seed_000.pdb	90.063	81.58	92.963
P62826	009	179-216	10-169	P62826_009_unrelaxed_rank_002_alphafold2_multimer_v2_model_1_seed_000.pdb	85.913	64.893	90.715
P62826	001	179-216	10-169	P62826_001_unrelaxed_rank_001_alphafold2_multimer_v2_model_1_seed_000.pdb	88.623	80.885	90.402
P62826	007	179-216	10-169	P62826_007_unrelaxed_rank_003_alphafold2_multimer_v2_model_1_seed_000.pdb	49.877	47.664	50.802
P62826	U10-000	179-216	10-169	P62826_U10-000_unrelaxed_rank_001_alphafold2_multimer_v2_model_1_seed_000.pdb	93.997	89.696	95.234
Q96BN8	004	330-340	129-341	Q96BN8_004_unrelaxed_rank_003_alphafold2_multimer_v2_model_1_seed_000.pdb	44.937	34.741	46.686
Q96BN8	001	330-340	129-341	Q96BN8_001_unrelaxed_rank_003_alphafold2_multimer_v2_model_1_seed_000.pdb	52.807	54.772	61.378
Q96BN8	U10-000	330-340	129-341	Q96BN8_U10-000_unrelaxed_rank_003_alphafold2_multimer_v2_model_1_seed_000.pdb	77.713	86.97	86.581
Q96BN8	009	330-340	129-341	Q96BN8_009_unrelaxed_rank_002_alphafold2_multimer_v2_model_1_seed_000.pdb	47.859	48.881	52.599
Q96BN8	008	330-340	129-341	Q96BN8_008_unrelaxed_rank_002_alphafold2_multimer_v2_model_1_seed_000.pdb	50.93	41.35	58.724
Q96BN8	000	330-340	129-341	Q96BN8_000_unrelaxed_rank_002_alphafold2_multimer_v2_model_1_seed_000.pdb	56.712	55.9	69.581
Q96BN8	005	330-340	129-341	Q96BN8_005_unrelaxed_rank_004_alphafold2_multimer_v2_model_1_seed_000.pdb	52.862	48.282	59.726
Q96BN8	002	330-340	129-341	Q96BN8_002_unrelaxed_rank_001_alphafold2_multimer_v2_model_1_seed_000.pdb	47.685	54.916	50.369
Q96BN8	U100-000	330-340	129-341	Q96BN8_U100-000_unrelaxed_rank_001_alphafold2_multimer_v2_model_1_seed_000.pdb	84.356	95.025	95.265
Q96BN8	003	330-340	129-341	Q96BN8_003_unrelaxed_rank_001_alphafold2_multimer_v2_model_1_seed_000.pdb	53.645	57.365	62.58
Q96BN8	006	330-340	129-341	Q96BN8_006_unrelaxed_rank_001_alphafold2_multimer_v2_model_1_seed_000.pdb	51.22	62.44	53.51
Q96BN8	007	330-340	129-341	Q96BN8_007_unrelaxed_rank_004_alphafold2_multimer_v2_model_1_seed_000.pdb	43.296	47.935	46.944
P27577	005	304-310,416-441	335-415	P27577_005_unrelaxed_rank_003_alphafold2_multimer_v2_model_1_seed_000.pdb	49.195	51.515	50.363
P27577	006	304-310,416-441	335-415	P27577_006_unrelaxed_rank_002_alphafold2_multimer_v2_model_1_seed_000.pdb	46.379	48.334	49.271
P27577	008	304-310,416-441	335-415	P27577_008_unrelaxed_rank_001_alphafold2_multimer_v2_model_1_seed_000.pdb	50.548	60.72	61.746
P27577	007	304-310,416-441	335-415	P27577_007_unrelaxed_rank_004_alphafold2_multimer_v2_model_1_seed_000.pdb	42.899	52.989	46.762
P27577	000	304-310,416-441	335-415	P27577_000_unrelaxed_rank_001_alphafold2_multimer_v2_model_1_seed_000.pdb	53.274	76.055	54.003
P27577	004	304-310,416-441	335-415	P27577_004_unrelaxed_rank_003_alphafold2_multimer_v2_model_1_seed_000.pdb	47.632	52.464	50.666
P27577	001	304-310,416-441	335-415	P27577_001_unrelaxed_rank_002_alphafold2_multimer_v2_model_1_seed_000.pdb	50.384	61.485	48.873
P27577	U100-000	304-310,416-441	335-415	P27577_U100-000_unrelaxed_rank_002_alphafold2_multimer_v2_model_1_seed_000.pdb	63.373	88.34	94.509
P27577	009	304-310,416-441	335-415	P27577_009_unrelaxed_rank_002_alphafold2_multimer_v2_model_1_seed_000.pdb	50.032	55.176	55.674
P27577	002	304-310,416-441	335-415	P27577_002_unrelaxed_rank_003_alphafold2_multimer_v2_model_1_seed_000.pdb	49.703	57.486	46.093
P27577	U10-000	304-310,416-441	335-415	P27577_U10-000_unrelaxed_rank_004_alphafold2_multimer_v2_model_1_seed_000.pdb	49.636	58.351	51.184
P27577	003	304-310,416-441	335-415	P27577_003_unrelaxed_rank_003_alphafold2_multimer_v2_model_1_seed_000.pdb	52.633	62.549	53.477
P07038	U100-000	892-917	562-625	P07038_U100-000_unrelaxed_rank_003_alphafold2_multimer_v2_model_1_seed_000.pdb	89.381	78.873	92.451
P07038	000	892-917	562-625	P07038_000_unrelaxed_rank_001_alphafold2_multimer_v2_model_1_seed_000.pdb	44.518	44.377	39.67
P07038	002	892-917	562-625	P07038_002_unrelaxed_rank_001_alphafold2_multimer_v2_model_1_seed_000.pdb	44.9	32.439	40.158
P07038	U10-000	892-917	562-625	P07038_U10-000_unrelaxed_rank_002_alphafold2_multimer_v2_model_1_seed_000.pdb	84.235	44.173	92.83
P07038	001	892-917	562-625	P07038_001_unrelaxed_rank_002_alphafold2_multimer_v2_model_1_seed_000.pdb	42.999	55.309	37.586
P35520	009	414-551	40-413	P35520_009_unrelaxed_rank_003_alphafold2_multimer_v2_model_1_seed_000.pdb	53.663	48.987	57.945
P35520	002	414-551	40-413	P35520_002_unrelaxed_rank_001_alphafold2_multimer_v2_model_1_seed_000.pdb	67.48	66.246	72.027
P35520	005	414-551	40-413	P35520_005_unrelaxed_rank_002_alphafold2_multimer_v2_model_1_seed_000.pdb	61.219	62.472	63.396
P35520	007	414-551	40-413	P35520_007_unrelaxed_rank_003_alphafold2_multimer_v2_model_1_seed_000.pdb	58.451	46.159	65.832
P35520	008	414-551	40-413	P35520_008_unrelaxed_rank_002_alphafold2_multimer_v2_model_1_seed_000.pdb	57.176	68.96	56.097
P35520	006	414-551	40-413	P35520_006_unrelaxed_rank_001_alphafold2_multimer_v2_model_1_seed_000.pdb	63.638	65.61	66.887
P35520	000	414-551	40-413	P35520_000_unrelaxed_rank_001_alphafold2_multimer_v2_model_1_seed_000.pdb	86.821	94.843	88.535
P35520	U10-000	414-551	40-413	P35520_U10-000_unrelaxed_rank_005_alphafold2_multimer_v2_model_1_seed_000.pdb	76.996	79.88	81.068
P35520	004	414-551	40-413	P35520_004_unrelaxed_rank_003_alphafold2_multimer_v2_model_1_seed_000.pdb	59.991	76.907	57.35
P35520	003	414-551	40-413	P35520_003_unrelaxed_rank_002_alphafold2_multimer_v2_model_1_seed_000.pdb	55.867	58.852	57.955
P35520	001	414-551	40-413	P35520_001_unrelaxed_rank_003_alphafold2_multimer_v2_model_1_seed_000.pdb	57.955	68.047	57.537
P35520	U100-000	414-551	40-413	P35520_U100-000_unrelaxed_rank_001_alphafold2_multimer_v2_model_1_seed_000.pdb	89.878	95.454	93.656
P12931	U10-000	249-269,151-248	84-145,524-536	P12931_U10-000_unrelaxed_rank_003_alphafold2_multimer_v2_model_1_seed_000.pdb	79.906	88.857	87.217
P12931	001	249-269,151-248	84-145,524-536	P12931_001_unrelaxed_rank_001_alphafold2_multimer_v2_model_1_seed_000.pdb	45.694	59.555	54.28
P12931	006	249-269,151-248	84-145,524-536	P12931_006_unrelaxed_rank_002_alphafold2_multimer_v2_model_1_seed_000.pdb	51.674	59.256	81.549
P12931	000	249-269,151-248	84-145,524-536	P12931_000_unrelaxed_rank_002_alphafold2_multimer_v2_model_1_seed_000.pdb	41.649	47.687	53.619
P12931	003	249-269,151-248	84-145,524-536	P12931_003_unrelaxed_rank_001_alphafold2_multimer_v2_model_1_seed_000.pdb	42.702	44.091	50.399
P12931	U100-001	249-269,151-248	84-145,524-536	P12931_U100-001_unrelaxed_rank_001_alphafold2_multimer_v2_model_1_seed_000.pdb	84.989	94.764	89.484
P12931	004	249-269,151-248	84-145,524-536	P12931_004_unrelaxed_rank_001_alphafold2_multimer_v2_model_1_seed_000.pdb	49.537	62.477	69.234
P12931	009	249-269,151-248	84-145,524-536	P12931_009_unrelaxed_rank_003_alphafold2_multimer_v2_model_1_seed_000.pdb	62.888	57.795	82.164
P12931	007	249-269,151-248	84-145,524-536	P12931_007_unrelaxed_rank_001_alphafold2_multimer_v2_model_1_seed_000.pdb	49.995	65.718	41.394
P12931	002	249-269,151-248	84-145,524-536	P12931_002_unrelaxed_rank_005_alphafold2_multimer_v2_model_1_seed_000.pdb	50.94	63.094	82.696
P12931	005	249-269,151-248	84-145,524-536	P12931_005_unrelaxed_rank_001_alphafold2_multimer_v2_model_1_seed_000.pdb	48.466	66.964	62.264
P12931	008	249-269,151-248	84-145,524-536	P12931_008_unrelaxed_rank_004_alphafold2_multimer_v2_model_1_seed_000.pdb	48.351	59.6	56.596
Q8NQJ3	003	1-40	68-117	Q8NQJ3_003_unrelaxed_rank_002_alphafold2_multimer_v2_model_1_seed_000.pdb	60.32	43.397	54.234
Q8NQJ3	004	1-40	68-117	Q8NQJ3_004_unrelaxed_rank_001_alphafold2_multimer_v2_model_1_seed_000.pdb	44.609	33.451	47.348
Q8NQJ3	001	1-40	68-117	Q8NQJ3_001_unrelaxed_rank_005_alphafold2_multimer_v2_model_1_seed_000.pdb	46.787	32.808	43.6
Q8NQJ3	000	1-40	68-117	Q8NQJ3_000_unrelaxed_rank_004_alphafold2_multimer_v2_model_1_seed_000.pdb	85.3	56.571	96.673
Q8NQJ3	005	1-40	68-117	Q8NQJ3_005_unrelaxed_rank_003_alphafold2_multimer_v2_model_1_seed_000.pdb	69.893	45.046	71.705
Q8NQJ3	U10-000	1-40	68-117	Q8NQJ3_U10-000_unrelaxed_rank_002_alphafold2_multimer_v2_model_1_seed_000.pdb	82.777	44.372	97.039
Q8NQJ3	U100-000	1-40	68-117	Q8NQJ3_U100-000_unrelaxed_rank_005_alphafold2_multimer_v2_model_1_seed_000.pdb	82.42	42.118	97.357
Q8NQJ3	006	1-40	68-117	Q8NQJ3_006_unrelaxed_rank_001_alphafold2_multimer_v2_model_1_seed_000.pdb	52.976	38.832	46.936
Q8NQJ3	002	1-40	68-117	Q8NQJ3_002_unrelaxed_rank_005_alphafold2_multimer_v2_model_1_seed_000.pdb	58.266	36.885	61.465
Q8NQJ3	009	1-40	68-117	Q8NQJ3_009_unrelaxed_rank_004_alphafold2_multimer_v2_model_1_seed_000.pdb	76.275	50.97	76.846
Q8NQJ3	008	1-40	68-117	Q8NQJ3_008_unrelaxed_rank_002_alphafold2_multimer_v2_model_1_seed_000.pdb	68.652	45.363	65.508
Q8NQJ3	007	1-40	68-117	Q8NQJ3_007_unrelaxed_rank_005_alphafold2_multimer_v2_model_1_seed_000.pdb	40.427	44.029	38.472
P22681	U10-000	353-380	381-435	P22681_U10-000_unrelaxed_rank_002_alphafold2_multimer_v2_model_1_seed_000.pdb	39.798	40.214	49.215
P22681	006	353-380	381-435	P22681_006_unrelaxed_rank_001_alphafold2_multimer_v2_model_1_seed_000.pdb	36.67	39.083	46.375
P22681	000	353-380	381-435	P22681_000_unrelaxed_rank_001_alphafold2_multimer_v2_model_1_seed_000.pdb	36.856	49.343	57.156
P22681	002	353-380	381-435	P22681_002_unrelaxed_rank_003_alphafold2_multimer_v2_model_1_seed_000.pdb	37.261	42.505	47.279
P22681	005	353-380	381-435	P22681_005_unrelaxed_rank_004_alphafold2_multimer_v2_model_1_seed_000.pdb	36.694	43.128	39.854
P22681	001	353-380	381-435	P22681_001_unrelaxed_rank_004_alphafold2_multimer_v2_model_1_seed_000.pdb	39.806	38.084	41.53
P22681	003	353-380	381-435	P22681_003_unrelaxed_rank_004_alphafold2_multimer_v2_model_1_seed_000.pdb	36.066	37.738	45.022
P22681	007	353-380	381-435	P22681_007_unrelaxed_rank_002_alphafold2_multimer_v2_model_1_seed_000.pdb	38.437	45.221	40.528
P22681	004	353-380	381-435	P22681_004_unrelaxed_rank_003_alphafold2_multimer_v2_model_1_seed_000.pdb	38.348	41.153	45.312
P22681	008	353-380	381-435	P22681_008_unrelaxed_rank_003_alphafold2_multimer_v2_model_1_seed_000.pdb	37.483	37.752	38.562
P22681	U100-000	353-380	381-435	P22681_U100-000_unrelaxed_rank_001_alphafold2_multimer_v2_model_1_seed_000.pdb	48.43	47.439	56.725
P22681	009	353-380	381-435	P22681_009_unrelaxed_rank_001_alphafold2_multimer_v2_model_1_seed_000.pdb	36.556	40.624	45.374
P26358	U100-000	647-714	1140-1602	P26358_U100-000_unrelaxed_rank_002_alphafold2_multimer_v2_model_1_seed_000.pdb	75.804	56.368	89.225
P26358	U10-000	647-714	1140-1602	P26358_U10-000_unrelaxed_rank_001_alphafold2_multimer_v2_model_1_seed_000.pdb	52.12	37.297	43.561
P28482	006	173-196	25-172,197-313	P28482_006_unrelaxed_rank_001_alphafold2_multimer_v2_model_1_seed_000.pdb	92.053	68.711	95.057
P28482	002	173-196	25-172,197-313	P28482_002_unrelaxed_rank_002_alphafold2_multimer_v2_model_1_seed_000.pdb	91.545	65.557	94.891
P28482	009	173-196	25-172,197-313	P28482_009_unrelaxed_rank_001_alphafold2_multimer_v2_model_1_seed_000.pdb	65.791	29.419	66.341
P28482	000	173-196	25-172,197-313	P28482_000_unrelaxed_rank_001_alphafold2_multimer_v2_model_1_seed_000.pdb	94.896	89.28	95.926
P28482	007	173-196	25-172,197-313	P28482_007_unrelaxed_rank_001_alphafold2_multimer_v2_model_1_seed_000.pdb	93.685	77.823	95.878
P28482	U100-000	173-196	25-172,197-313	P28482_U100-000_unrelaxed_rank_001_alphafold2_multimer_v2_model_1_seed_000.pdb	93.891	82.382	96.014
P28482	003	173-196	25-172,197-313	P28482_003_unrelaxed_rank_001_alphafold2_multimer_v2_model_1_seed_000.pdb	92.983	71.608	95.536
P28482	001	173-196	25-172,197-313	P28482_001_unrelaxed_rank_001_alphafold2_multimer_v2_model_1_seed_000.pdb	90.68	59.982	93.992
P28482	004	173-196	25-172,197-313	P28482_004_unrelaxed_rank_001_alphafold2_multimer_v2_model_1_seed_000.pdb	66.937	33.126	68.911
P28482	008	173-196	25-172,197-313	P28482_008_unrelaxed_rank_001_alphafold2_multimer_v2_model_1_seed_000.pdb	89.315	63.35	93.5
P28482	005	173-196	25-172,197-313	P28482_005_unrelaxed_rank_001_alphafold2_multimer_v2_model_1_seed_000.pdb	90.381	70.719	94.914
P28482	U10-000	173-196	25-172,197-313	P28482_U10-000_unrelaxed_rank_001_alphafold2_multimer_v2_model_1_seed_000.pdb	91.141	72.543	93.667
O08967	002	251-265,383-395	77-206	O08967_002_unrelaxed_rank_003_alphafold2_multimer_v2_model_1_seed_000.pdb	65.292	38.354	67.685
O08967	006	251-265,383-395	77-206	O08967_006_unrelaxed_rank_001_alphafold2_multimer_v2_model_1_seed_000.pdb	76.628	42.444	73.36
O08967	U10-000	251-265,383-395	77-206	O08967_U10-000_unrelaxed_rank_004_alphafold2_multimer_v2_model_1_seed_000.pdb	84.931	49.502	94.283
O08967	U100-000	251-265,383-395	77-206	O08967_U100-000_unrelaxed_rank_001_alphafold2_multimer_v2_model_1_seed_000.pdb	93.139	83.112	95.312
O08967	000	251-265,383-395	77-206	O08967_000_unrelaxed_rank_002_alphafold2_multimer_v2_model_1_seed_000.pdb	83.273	52.698	89.427
O08967	008	251-265,383-395	77-206	O08967_008_unrelaxed_rank_003_alphafold2_multimer_v2_model_1_seed_000.pdb	63.781	34.465	66.268
O08967	004	251-265,383-395	77-206	O08967_004_unrelaxed_rank_002_alphafold2_multimer_v2_model_1_seed_000.pdb	77.02	42.935	93.348
O08967	007	251-265,383-395	77-206	O08967_007_unrelaxed_rank_003_alphafold2_multimer_v2_model_1_seed_000.pdb	71.552	39.051	69.45
O08967	003	251-265,383-395	77-206	O08967_003_unrelaxed_rank_003_alphafold2_multimer_v2_model_1_seed_000.pdb	78.514	40.342	90.419
O08967	001	251-265,383-395	77-206	O08967_001_unrelaxed_rank_001_alphafold2_multimer_v2_model_1_seed_000.pdb	88.572	57.961	94.518
O08967	009	251-265,383-395	77-206	O08967_009_unrelaxed_rank_004_alphafold2_multimer_v2_model_1_seed_000.pdb	57.922	40.732	53.953
O08967	005	251-265,383-395	77-206	O08967_005_unrelaxed_rank_003_alphafold2_multimer_v2_model_1_seed_000.pdb	77.703	53.873	80.142
O60741	U100-000	401-479	480-604	O60741_U100-000_unrelaxed_rank_001_alphafold2_multimer_v2_model_1_seed_000.pdb	50.366	77.337	54.39
O60741	U10-000	401-479	480-604	O60741_U10-000_unrelaxed_rank_001_alphafold2_multimer_v2_model_1_seed_000.pdb	51.036	78.087	65.593
O60741	000	401-479	480-604	O60741_000_unrelaxed_rank_002_alphafold2_multimer_v2_model_1_seed_000.pdb	44.218	67.296	50.072
Q9Y6K1	001	476-626	634-912	Q9Y6K1_001_unrelaxed_rank_001_alphafold2_multimer_v2_model_1_seed_000.pdb	36.296	40.264	42.891
Q9Y6K1	U10-000	476-626	634-912	Q9Y6K1_U10-000_unrelaxed_rank_001_alphafold2_multimer_v2_model_1_seed_000.pdb	43.89	45.432	46.141
Q9Y6K1	U100-000	476-626	634-912	Q9Y6K1_U100-000_unrelaxed_rank_001_alphafold2_multimer_v2_model_1_seed_000.pdb	54.174	66.296	52.863
Q9Y6K1	000	476-626	634-912	Q9Y6K1_000_unrelaxed_rank_002_alphafold2_multimer_v2_model_1_seed_000.pdb	36.833	34.841	47.381
Q6GQQ9	009	187-193	194-365	Q6GQQ9_009_unrelaxed_rank_002_alphafold2_multimer_v2_model_1_seed_000.pdb	41.525	30.014	55.352
Q6GQQ9	002	187-193	194-365	Q6GQQ9_002_unrelaxed_rank_003_alphafold2_multimer_v2_model_1_seed_000.pdb	40.19	44.517	44.031
Q6GQQ9	004	187-193	194-365	Q6GQQ9_004_unrelaxed_rank_002_alphafold2_multimer_v2_model_1_seed_000.pdb	40.236	34.482	49.548
Q6GQQ9	U10-000	187-193	194-365	Q6GQQ9_U10-000_unrelaxed_rank_005_alphafold2_multimer_v2_model_1_seed_000.pdb	41.591	36.229	48.07
Q6GQQ9	001	187-193	194-365	Q6GQQ9_001_unrelaxed_rank_003_alphafold2_multimer_v2_model_1_seed_000.pdb	41.284	44.86	50.205
Q6GQQ9	007	187-193	194-365	Q6GQQ9_007_unrelaxed_rank_001_alphafold2_multimer_v2_model_1_seed_000.pdb	43.054	34.832	52.254
Q6GQQ9	006	187-193	194-365	Q6GQQ9_006_unrelaxed_rank_001_alphafold2_multimer_v2_model_1_seed_000.pdb	42.261	36.867	47.761
Q6GQQ9	U100-000	187-193	194-365	Q6GQQ9_U100-000_unrelaxed_rank_001_alphafold2_multimer_v2_model_1_seed_000.pdb	56.63	34.651	70.046
Q6GQQ9	000	187-193	194-365	Q6GQQ9_000_unrelaxed_rank_001_alphafold2_multimer_v2_model_1_seed_000.pdb	44.51	47.562	47.113
Q6GQQ9	008	187-193	194-365	Q6GQQ9_008_unrelaxed_rank_002_alphafold2_multimer_v2_model_1_seed_000.pdb	42.24	34.259	50.359
Q6GQQ9	005	187-193	194-365	Q6GQQ9_005_unrelaxed_rank_001_alphafold2_multimer_v2_model_1_seed_000.pdb	43.619	31.371	48.712
Q6GQQ9	003	187-193	194-365	Q6GQQ9_003_unrelaxed_rank_005_alphafold2_multimer_v2_model_1_seed_000.pdb	39.683	38.619	47.735
P60240	U10-000	1-110	147-416,441-659	P60240_U10-000_unrelaxed_rank_001_alphafold2_multimer_v2_model_1_seed_000.pdb	91.706	92.151	91.369
P60240	U100-000	1-110	147-416,441-659	P60240_U100-000_unrelaxed_rank_001_alphafold2_multimer_v2_model_1_seed_000.pdb	94.781	93.909	94.659
P60240	000	1-110	147-416,441-659	P60240_000_unrelaxed_rank_001_alphafold2_multimer_v2_model_1_seed_000.pdb	49.959	62.687	49.005
P21333	U100-000	2142-2235	2236-2325	P21333_U100-000_unrelaxed_rank_001_alphafold2_multimer_v2_model_1_seed_000.pdb	79.209	85.828	88.468
P21333	U10-000	2142-2235	2236-2325	P21333_U10-000_unrelaxed_rank_001_alphafold2_multimer_v2_model_1_seed_000.pdb	68.445	66.821	77.028
