uniprot	pdb	region_1	region_2	chain	af_filename	gt_fn	label_offset
q9jk66	7us1	141-225,378-410	226-377,410-465	A	fold_q9jk66_4k7d_1chain_model_1.cif	7us1.cif	0
q9jk66	7us1	141-225,378-410	226-377,410-465	A	fold_q9jk66_7us1_noptm_model_4.cif	7us1.cif	0
q9jk66	7us1	141-225,378-410	226-377,410-465	A	fold_q9jk66_7us1_noptm_1partner_model_0.cif	7us1.cif	0
q9jk66	7us1	141-225,378-410	226-377,410-465	A	fold_q9jk66_4k7d_3chain_model_0.cif	7us1.cif	0
q9jk66	7us1	141-225,378-410	226-377,410-465	A	fold_q9jk66_7us1_ptm_model_4.cif	7us1.cif	0
q9jk66	7us1	141-225,378-410	226-377,410-465	A	fold_q9jk66_4k7d_1chain_model_3.cif	7us1.cif	0
q9jk66	7us1	141-225,378-410	226-377,410-465	A	fold_q9jk66_7us1_ptm_2partner_model_3.cif	7us1.cif	0
q9jk66	7us1	141-225,378-410	226-377,410-465	A	fold_q9jk66_7us1_ptm_model_3.cif	7us1.cif	0
q9jk66	7us1	141-225,378-410	226-377,410-465	A	fold_q9jk66_7us1_noptm_1partner_model_2.cif	7us1.cif	0
q9jk66	7us1	141-225,378-410	226-377,410-465	A	fold_q9jk66_7us1_model_1.cif	7us1.cif	0
q9jk66	7us1	141-225,378-410	226-377,410-465	A	fold_q9jk66_7us1_ptm_2partner_model_2.cif	7us1.cif	0
q9jk66	7us1	141-225,378-410	226-377,410-465	A	fold_q9jk66_4k7d_3chain_model_1.cif	7us1.cif	0
q9jk66	7us1	141-225,378-410	226-377,410-465	A	fold_q9jk66_7us1_noptm_model_3.cif	7us1.cif	0
q9jk66	7us1	141-225,378-410	226-377,410-465	A	fold_q9jk66_7us1_ptm_model_2.cif	7us1.cif	0
q9jk66	7us1	141-225,378-410	226-377,410-465	A	fold_q9jk66_4k7d_3chain_model_2.cif	7us1.cif	0
q9jk66	7us1	141-225,378-410	226-377,410-465	A	fold_q9jk66_7us1_noptm_1partner_model_3.cif	7us1.cif	0
q9jk66	7us1	141-225,378-410	226-377,410-465	A	fold_q9jk66_7us1_noptm_model_2.cif	7us1.cif	0
q9jk66	7us1	141-225,378-410	226-377,410-465	A	fold_q9jk66_7us1_ptm_2partner_model_1.cif	7us1.cif	0
q9jk66	7us1	141-225,378-410	226-377,410-465	A	fold_q9jk66_4k7d_1chain_model_2.cif	7us1.cif	0
q9jk66	7us1	141-225,378-410	226-377,410-465	A	fold_q9jk66_7us1_ptm_2partner_model_4.cif	7us1.cif	0
q9jk66	7us1	141-225,378-410	226-377,410-465	A	fold_q9jk66_7us1_ptm_2partner_model_0.cif	7us1.cif	0
q9jk66	7us1	141-225,378-410	226-377,410-465	A	fold_q9jk66_4k7d_3chain_model_4.cif	7us1.cif	0
q9jk66	7us1	141-225,378-410	226-377,410-465	A	fold_q9jk66_7us1_noptm_1partner_model_4.cif	7us1.cif	0
q9jk66	7us1	141-225,378-410	226-377,410-465	A	fold_q9jk66_7us1_ptm_model_1.cif	7us1.cif	0
q9jk66	7us1	141-225,378-410	226-377,410-465	A	fold_q9jk66_7us1_noptm_model_0.cif	7us1.cif	0
q9jk66	7us1	141-225,378-410	226-377,410-465	A	fold_q9jk66_7us1_noptm_1partner_model_1.cif	7us1.cif	0
q9jk66	7us1	141-225,378-410	226-377,410-465	A	fold_q9jk66_7us1_model_4.cif	7us1.cif	0
q9jk66	7us1	141-225,378-410	226-377,410-465	A	fold_q9jk66_4k7d_3chain_model_3.cif	7us1.cif	0
q9jk66	7us1	141-225,378-410	226-377,410-465	A	fold_q9jk66_7us1_model_2.cif	7us1.cif	0
q9jk66	7us1	141-225,378-410	226-377,410-465	A	fold_q9jk66_4k7d_1chain_model_0.cif	7us1.cif	0
q9jk66	7us1	141-225,378-410	226-377,410-465	A	fold_q9jk66_7us1_noptm_model_1.cif	7us1.cif	0
q9jk66	7us1	141-225,378-410	226-377,410-465	A	fold_q9jk66_7us1_ptm_model_0.cif	7us1.cif	0
q9jk66	7us1	141-225,378-410	226-377,410-465	A	fold_q9jk66_7us1_model_3.cif	7us1.cif	0
q9jk66	7us1	141-225,378-410	226-377,410-465	A	fold_q9jk66_4k7d_1chain_model_4.cif	7us1.cif	0
q9jk66	7us1	141-225,378-410	226-377,410-465	A	fold_q9jk66_7us1_model_0.cif	7us1.cif	0
q9jk66	4k7d	141-225,378-410	226-377,410-465	A	fold_q9jk66_4k7d_1chain_model_1.cif	4k7d.cif	0
q9jk66	4k7d	141-225,378-410	226-377,410-465	A	fold_q9jk66_7us1_noptm_model_4.cif	4k7d.cif	0
q9jk66	4k7d	141-225,378-410	226-377,410-465	A	fold_q9jk66_7us1_noptm_1partner_model_0.cif	4k7d.cif	0
q9jk66	4k7d	141-225,378-410	226-377,410-465	A	fold_q9jk66_4k7d_3chain_model_0.cif	4k7d.cif	0
q9jk66	4k7d	141-225,378-410	226-377,410-465	A	fold_q9jk66_7us1_ptm_model_4.cif	4k7d.cif	0
q9jk66	4k7d	141-225,378-410	226-377,410-465	A	fold_q9jk66_4k7d_1chain_model_3.cif	4k7d.cif	0
q9jk66	4k7d	141-225,378-410	226-377,410-465	A	fold_q9jk66_7us1_ptm_2partner_model_3.cif	4k7d.cif	0
q9jk66	4k7d	141-225,378-410	226-377,410-465	A	fold_q9jk66_7us1_ptm_model_3.cif	4k7d.cif	0
q9jk66	4k7d	141-225,378-410	226-377,410-465	A	fold_q9jk66_7us1_noptm_1partner_model_2.cif	4k7d.cif	0
q9jk66	4k7d	141-225,378-410	226-377,410-465	A	fold_q9jk66_7us1_model_1.cif	4k7d.cif	0
q9jk66	4k7d	141-225,378-410	226-377,410-465	A	fold_q9jk66_7us1_ptm_2partner_model_2.cif	4k7d.cif	0
q9jk66	4k7d	141-225,378-410	226-377,410-465	A	fold_q9jk66_4k7d_3chain_model_1.cif	4k7d.cif	0
q9jk66	4k7d	141-225,378-410	226-377,410-465	A	fold_q9jk66_7us1_noptm_model_3.cif	4k7d.cif	0
q9jk66	4k7d	141-225,378-410	226-377,410-465	A	fold_q9jk66_7us1_ptm_model_2.cif	4k7d.cif	0
q9jk66	4k7d	141-225,378-410	226-377,410-465	A	fold_q9jk66_4k7d_3chain_model_2.cif	4k7d.cif	0
q9jk66	4k7d	141-225,378-410	226-377,410-465	A	fold_q9jk66_7us1_noptm_1partner_model_3.cif	4k7d.cif	0
q9jk66	4k7d	141-225,378-410	226-377,410-465	A	fold_q9jk66_7us1_noptm_model_2.cif	4k7d.cif	0
q9jk66	4k7d	141-225,378-410	226-377,410-465	A	fold_q9jk66_7us1_ptm_2partner_model_1.cif	4k7d.cif	0
q9jk66	4k7d	141-225,378-410	226-377,410-465	A	fold_q9jk66_4k7d_1chain_model_2.cif	4k7d.cif	0
q9jk66	4k7d	141-225,378-410	226-377,410-465	A	fold_q9jk66_7us1_ptm_2partner_model_4.cif	4k7d.cif	0
q9jk66	4k7d	141-225,378-410	226-377,410-465	A	fold_q9jk66_7us1_ptm_2partner_model_0.cif	4k7d.cif	0
q9jk66	4k7d	141-225,378-410	226-377,410-465	A	fold_q9jk66_4k7d_3chain_model_4.cif	4k7d.cif	0
q9jk66	4k7d	141-225,378-410	226-377,410-465	A	fold_q9jk66_7us1_noptm_1partner_model_4.cif	4k7d.cif	0
q9jk66	4k7d	141-225,378-410	226-377,410-465	A	fold_q9jk66_7us1_ptm_model_1.cif	4k7d.cif	0
q9jk66	4k7d	141-225,378-410	226-377,410-465	A	fold_q9jk66_7us1_noptm_model_0.cif	4k7d.cif	0
q9jk66	4k7d	141-225,378-410	226-377,410-465	A	fold_q9jk66_7us1_noptm_1partner_model_1.cif	4k7d.cif	0
q9jk66	4k7d	141-225,378-410	226-377,410-465	A	fold_q9jk66_7us1_model_4.cif	4k7d.cif	0
q9jk66	4k7d	141-225,378-410	226-377,410-465	A	fold_q9jk66_4k7d_3chain_model_3.cif	4k7d.cif	0
q9jk66	4k7d	141-225,378-410	226-377,410-465	A	fold_q9jk66_7us1_model_2.cif	4k7d.cif	0
q9jk66	4k7d	141-225,378-410	226-377,410-465	A	fold_q9jk66_4k7d_1chain_model_0.cif	4k7d.cif	0
q9jk66	4k7d	141-225,378-410	226-377,410-465	A	fold_q9jk66_7us1_noptm_model_1.cif	4k7d.cif	0
q9jk66	4k7d	141-225,378-410	226-377,410-465	A	fold_q9jk66_7us1_ptm_model_0.cif	4k7d.cif	0
q9jk66	4k7d	141-225,378-410	226-377,410-465	A	fold_q9jk66_7us1_model_3.cif	4k7d.cif	0
q9jk66	4k7d	141-225,378-410	226-377,410-465	A	fold_q9jk66_4k7d_1chain_model_4.cif	4k7d.cif	0
q9jk66	4k7d	141-225,378-410	226-377,410-465	A	fold_q9jk66_7us1_model_0.cif	4k7d.cif	0
p62826	2n1b	179-216	10-169	A	fold_p62826_1rrp_wgtp_model_1.cif	2n1b.cif	0
p62826	2n1b	179-216	10-169	A	fold_p62826_2n1b_model_4.cif	2n1b.cif	0
p62826	2n1b	179-216	10-169	A	fold_p62826_2n1b_model_0.cif	2n1b.cif	0
p62826	2n1b	179-216	10-169	A	fold_p62826_2n1b_fullseq_model_2.cif	2n1b.cif	0
p62826	2n1b	179-216	10-169	A	fold_p62826_1rrp_nogtp_model_4.cif	2n1b.cif	0
p62826	2n1b	179-216	10-169	A	fold_p62826_1rrp_wgtp_model_2.cif	2n1b.cif	0
p62826	2n1b	179-216	10-169	A	fold_p62826_2n1b_fullseq_model_0.cif	2n1b.cif	0
p62826	2n1b	179-216	10-169	A	fold_p62826_2n1b_model_3.cif	2n1b.cif	0
p62826	2n1b	179-216	10-169	A	fold_p62826_1rrp_nogtp_model_2.cif	2n1b.cif	0
p62826	2n1b	179-216	10-169	A	fold_p62826_1rrp_wgtp_model_3.cif	2n1b.cif	0
p62826	2n1b	179-216	10-169	A	fold_p62826_2n1b_fullseq_model_3.cif	2n1b.cif	0
p62826	2n1b	179-216	10-169	A	fold_p62826_1rrp_nogtp_model_0.cif	2n1b.cif	0
p62826	2n1b	179-216	10-169	A	fold_p62826_2n1b_fullseq_model_1.cif	2n1b.cif	0
p62826	2n1b	179-216	10-169	A	fold_p62826_1rrp_wgtp_model_4.cif	2n1b.cif	0
p62826	2n1b	179-216	10-169	A	fold_p62826_1rrp_nogtp_model_1.cif	2n1b.cif	0
p62826	2n1b	179-216	10-169	A	fold_p62826_1rrp_wgtp_model_0.cif	2n1b.cif	0
p62826	2n1b	179-216	10-169	A	fold_p62826_2n1b_fullseq_model_4.cif	2n1b.cif	0
p62826	2n1b	179-216	10-169	A	fold_p62826_2n1b_model_2.cif	2n1b.cif	0
p62826	2n1b	179-216	10-169	A	fold_p62826_1rrp_nogtp_model_3.cif	2n1b.cif	0
p62826	2n1b	179-216	10-169	A	fold_p62826_2n1b_model_1.cif	2n1b.cif	0
p62826	1rrp	179-216	10-169	A	fold_p62826_1rrp_wgtp_model_1.cif	1rrp.cif	0
p62826	1rrp	179-216	10-169	A	fold_p62826_2n1b_model_4.cif	1rrp.cif	0
p62826	1rrp	179-216	10-169	A	fold_p62826_2n1b_model_0.cif	1rrp.cif	0
p62826	1rrp	179-216	10-169	A	fold_p62826_2n1b_fullseq_model_2.cif	1rrp.cif	0
p62826	1rrp	179-216	10-169	A	fold_p62826_1rrp_nogtp_model_4.cif	1rrp.cif	0
p62826	1rrp	179-216	10-169	A	fold_p62826_1rrp_wgtp_model_2.cif	1rrp.cif	0
p62826	1rrp	179-216	10-169	A	fold_p62826_2n1b_fullseq_model_0.cif	1rrp.cif	0
p62826	1rrp	179-216	10-169	A	fold_p62826_2n1b_model_3.cif	1rrp.cif	0
p62826	1rrp	179-216	10-169	A	fold_p62826_1rrp_nogtp_model_2.cif	1rrp.cif	0
p62826	1rrp	179-216	10-169	A	fold_p62826_1rrp_wgtp_model_3.cif	1rrp.cif	0
p62826	1rrp	179-216	10-169	A	fold_p62826_2n1b_fullseq_model_3.cif	1rrp.cif	0
p62826	1rrp	179-216	10-169	A	fold_p62826_1rrp_nogtp_model_0.cif	1rrp.cif	0
p62826	1rrp	179-216	10-169	A	fold_p62826_2n1b_fullseq_model_1.cif	1rrp.cif	0
p62826	1rrp	179-216	10-169	A	fold_p62826_1rrp_wgtp_model_4.cif	1rrp.cif	0
p62826	1rrp	179-216	10-169	A	fold_p62826_1rrp_nogtp_model_1.cif	1rrp.cif	0
p62826	1rrp	179-216	10-169	A	fold_p62826_1rrp_wgtp_model_0.cif	1rrp.cif	0
p62826	1rrp	179-216	10-169	A	fold_p62826_2n1b_fullseq_model_4.cif	1rrp.cif	0
p62826	1rrp	179-216	10-169	A	fold_p62826_2n1b_model_2.cif	1rrp.cif	0
p62826	1rrp	179-216	10-169	A	fold_p62826_1rrp_nogtp_model_3.cif	1rrp.cif	0
p62826	1rrp	179-216	10-169	A	fold_p62826_2n1b_model_1.cif	1rrp.cif	0
q09472	5xzc	1520-1581	1287-1663	A	fold_q09472_5xzc_1partner_model_0.cif	5xzc.cif	0
q09472	5xzc	1520-1581	1287-1663	A	fold_q09472_5xzc_2partner_model_4.cif	5xzc.cif	0
q09472	5xzc	1520-1581	1287-1663	A	fold_q09472_5xzc_nopartner_model_3.cif	5xzc.cif	0
q09472	5xzc	1520-1581	1287-1663	A	fold_q09472_5xzc_2partner_model_3.cif	5xzc.cif	0
q09472	5xzc	1520-1581	1287-1663	A	fold_q09472_5xzc_4partner_model_3.cif	5xzc.cif	0
q09472	5xzc	1520-1581	1287-1663	A	fold_q09472_5xzc_4partner_model_4.cif	5xzc.cif	0
q09472	5xzc	1520-1581	1287-1663	A	fold_q09472_5xzc_nopartner_model_2.cif	5xzc.cif	0
q09472	5xzc	1520-1581	1287-1663	A	fold_q09472_5xzc_2partner_model_1.cif	5xzc.cif	0
q09472	5xzc	1520-1581	1287-1663	A	fold_q09472_5xzc_1partner_model_1.cif	5xzc.cif	0
q09472	5xzc	1520-1581	1287-1663	A	fold_q09472_5xzc_3partner_model_2.cif	5xzc.cif	0
q09472	5xzc	1520-1581	1287-1663	A	fold_q09472_5xzc_4partner_model_2.cif	5xzc.cif	0
q09472	5xzc	1520-1581	1287-1663	A	fold_q09472_5xzc_3partner_model_1.cif	5xzc.cif	0
q09472	5xzc	1520-1581	1287-1663	A	fold_q09472_5xzc_1partner_model_3.cif	5xzc.cif	0
q09472	5xzc	1520-1581	1287-1663	A	fold_q09472_5xzc_1partner_model_2.cif	5xzc.cif	0
q09472	5xzc	1520-1581	1287-1663	A	fold_q09472_5xzc_3partner_model_0.cif	5xzc.cif	0
q09472	5xzc	1520-1581	1287-1663	A	fold_q09472_5xzc_nopartner_model_0.cif	5xzc.cif	0
q09472	5xzc	1520-1581	1287-1663	A	fold_q09472_5xzc_2partner_model_0.cif	5xzc.cif	0
q09472	5xzc	1520-1581	1287-1663	A	fold_q09472_5xzc_nopartner_model_1.cif	5xzc.cif	0
q09472	5xzc	1520-1581	1287-1663	A	fold_q09472_5xzc_1partner_model_4.cif	5xzc.cif	0
q09472	5xzc	1520-1581	1287-1663	A	fold_q09472_5xzc_3partner_model_4.cif	5xzc.cif	0
q09472	5xzc	1520-1581	1287-1663	A	fold_q09472_5xzc_4partner_model_1.cif	5xzc.cif	0
q09472	5xzc	1520-1581	1287-1663	A	fold_q09472_5xzc_3partner_model_3.cif	5xzc.cif	0
q09472	5xzc	1520-1581	1287-1663	A	fold_q09472_5xzc_4partner_model_0.cif	5xzc.cif	0
q09472	5xzc	1520-1581	1287-1663	A	fold_q09472_5xzc_nopartner_model_4.cif	5xzc.cif	0
q09472	5xzc	1520-1581	1287-1663	A	fold_q09472_5xzc_2partner_model_2.cif	5xzc.cif	0
q3up24	6b5b	356-463,578-1020	95-298	B	fold_q3up24_6b5b_nopartner_model_2.cif	6b5b.cif	0
q3up24	6b5b	356-463,578-1020	95-298	B	fold_q3up24_6b5b_fullseq_nopartner_model_2.cif	6b5b.cif	0
q3up24	6b5b	356-463,578-1020	95-298	B	fold_q3up24_6b5b_fullseq_nopartner_model_0.cif	6b5b.cif	0
q3up24	6b5b	356-463,578-1020	95-298	B	fold_q3up24_6b5b_fullseq_1partner_model_0.cif	6b5b.cif	0
q3up24	6b5b	356-463,578-1020	95-298	B	fold_q3up24_6b5b_nopartner_model_1.cif	6b5b.cif	0
q3up24	6b5b	356-463,578-1020	95-298	B	fold_q3up24_6b5b_nopartner_model_3.cif	6b5b.cif	0
q3up24	6b5b	356-463,578-1020	95-298	B	fold_q3up24_6b5b_fullseq_2partner_model_2.cif	6b5b.cif	0
q3up24	6b5b	356-463,578-1020	95-298	B	fold_q3up24_6b5b_1partner_model_4.cif	6b5b.cif	0
q3up24	6b5b	356-463,578-1020	95-298	B	fold_q3up24_6b5b_fullseq_2partner_model_0.cif	6b5b.cif	0
q3up24	6b5b	356-463,578-1020	95-298	B	fold_q3up24_6b5b_fullseq_1partner_model_4.cif	6b5b.cif	0
q3up24	6b5b	356-463,578-1020	95-298	B	fold_q3up24_6b5b_1partner_model_0.cif	6b5b.cif	0
q3up24	6b5b	356-463,578-1020	95-298	B	fold_q3up24_6b5b_fullseq_x2_model_0.cif	6b5b.cif	0
q3up24	6b5b	356-463,578-1020	95-298	B	fold_q3up24_6b5b_1partner_model_2.cif	6b5b.cif	0
q3up24	6b5b	356-463,578-1020	95-298	B	fold_q3up24_6b5b_fullseq_x2_model_4.cif	6b5b.cif	0
q3up24	6b5b	356-463,578-1020	95-298	B	fold_q3up24_6b5b_nopartner_model_0.cif	6b5b.cif	0
q3up24	6b5b	356-463,578-1020	95-298	B	fold_q3up24_6b5b_fullseq_nopartner_model_3.cif	6b5b.cif	0
q3up24	6b5b	356-463,578-1020	95-298	B	fold_q3up24_6b5b_fullseq_2partner_model_4.cif	6b5b.cif	0
q3up24	6b5b	356-463,578-1020	95-298	B	fold_q3up24_6b5b_fullseq_2partner_model_1.cif	6b5b.cif	0
q3up24	6b5b	356-463,578-1020	95-298	B	fold_q3up24_6b5b_fullseq_x2_model_2.cif	6b5b.cif	0
q3up24	6b5b	356-463,578-1020	95-298	B	fold_q3up24_6b5b_fullseq_2partner_model_3.cif	6b5b.cif	0
q3up24	6b5b	356-463,578-1020	95-298	B	fold_q3up24_6b5b_fullseq_1partner_model_2.cif	6b5b.cif	0
q3up24	6b5b	356-463,578-1020	95-298	B	fold_q3up24_6b5b_1partner_model_3.cif	6b5b.cif	0
q3up24	6b5b	356-463,578-1020	95-298	B	fold_q3up24_6b5b_fullseq_1partner_model_1.cif	6b5b.cif	0
q3up24	6b5b	356-463,578-1020	95-298	B	fold_q3up24_6b5b_fullseq_1partner_model_3.cif	6b5b.cif	0
q3up24	6b5b	356-463,578-1020	95-298	B	fold_q3up24_6b5b_nopartner_model_4.cif	6b5b.cif	0
q3up24	6b5b	356-463,578-1020	95-298	B	fold_q3up24_6b5b_fullseq_nopartner_model_1.cif	6b5b.cif	0
q3up24	6b5b	356-463,578-1020	95-298	B	fold_q3up24_6b5b_1partner_model_1.cif	6b5b.cif	0
q3up24	6b5b	356-463,578-1020	95-298	B	fold_q3up24_6b5b_fullseq_x2_model_3.cif	6b5b.cif	0
q3up24	6b5b	356-463,578-1020	95-298	B	fold_q3up24_6b5b_fullseq_x2_model_1.cif	6b5b.cif	0
q3up24	6b5b	356-463,578-1020	95-298	B	fold_q3up24_6b5b_fullseq_nopartner_model_4.cif	6b5b.cif	0
q96rd7	6m02	412-426	1-287	A	fold_q96rd7_6m02_7xpartner_model_4.cif	6m02.cif	0
q96rd7	6m02	412-426	1-287	A	fold_q96rd7_6m02_7xpartner_model_0.cif	6m02.cif	0
q96rd7	6m02	412-426	1-287	A	fold_q96rd7_6m02_7xpartner_model_1.cif	6m02.cif	0
q96rd7	6m02	412-426	1-287	A	fold_q96rd7_6m02_7xpartner_model_3.cif	6m02.cif	0
q96rd7	6m02	412-426	1-287	A	fold_q96rd7_6m02_nopartner_model_1.cif	6m02.cif	0
q96rd7	6m02	412-426	1-287	A	fold_q96rd7_6m02_nopartner_model_2.cif	6m02.cif	0
q96rd7	6m02	412-426	1-287	A	fold_q96rd7_6m02_nopartner_model_0.cif	6m02.cif	0
q96rd7	6m02	412-426	1-287	A	fold_q96rd7_6m02_7xpartner_model_2.cif	6m02.cif	0
q96rd7	6m02	412-426	1-287	A	fold_q96rd7_6m02_nopartner_model_3.cif	6m02.cif	0
q96rd7	6m02	412-426	1-287	A	fold_q96rd7_6m02_nopartner_model_4.cif	6m02.cif	0
p14921	1gvj	280-330	335-415	A	fold_p14921_1gvj_fullseq_1partner_model_2.cif	1gvj.cif	0
p14921	1gvj	280-330	335-415	A	fold_p14921_1gvj_fullseq_nopartner_model_0.cif	1gvj.cif	0
p14921	1gvj	280-330	335-415	A	fold_p14921_1gvj_fullseq_nopartner_model_2.cif	1gvj.cif	0
p14921	1gvj	280-330	335-415	A	fold_p14921_1gvj_fullseq_1partner_model_0.cif	1gvj.cif	0
p14921	1gvj	280-330	335-415	A	fold_p14921_1gvj_fullseq_nopartner_model_3.cif	1gvj.cif	0
p14921	1gvj	280-330	335-415	A	fold_p14921_1gvj_fullseq_1partner_model_1.cif	1gvj.cif	0
p14921	1gvj	280-330	335-415	A	fold_p14921_1gvj_fullseq_1partner_model_4.cif	1gvj.cif	0
p14921	1gvj	280-330	335-415	A	fold_p14921_1gvj_fullseq_nopartner_model_1.cif	1gvj.cif	0
p14921	1gvj	280-330	335-415	A	fold_p14921_1gvj_fullseq_1partner_model_3.cif	1gvj.cif	0
p14921	1gvj	280-330	335-415	A	fold_p14921_1gvj_fullseq_nopartner_model_4.cif	1gvj.cif	0
p35609	4d1e	259-307	753-824	A	fold_p35609_4d1e_fullseq_noptm_model_4.cif	4d1e.cif	0
p35609	4d1e	259-307	753-824	A	fold_p35609_4d1e_noptm_model_2.cif	4d1e.cif	0
p35609	4d1e	259-307	753-824	A	fold_p35609_4d1e_fullseq_ptm_model_4.cif	4d1e.cif	0
p35609	4d1e	259-307	753-824	A	fold_p35609_4d1e_fullseq_noptm_model_1.cif	4d1e.cif	0
p35609	4d1e	259-307	753-824	A	fold_p35609_4d1e_noptm_model_3.cif	4d1e.cif	0
p35609	4d1e	259-307	753-824	A	fold_p35609_4d1e_fullseq_noptm_model_3.cif	4d1e.cif	0
p35609	4d1e	259-307	753-824	A	fold_p35609_4d1e_fullseq_noptm_model_2.cif	4d1e.cif	0
p35609	4d1e	259-307	753-824	A	fold_p35609_4d1e_noptm_model_0.cif	4d1e.cif	0
p35609	4d1e	259-307	753-824	A	fold_p35609_4d1e_fullseq_ptm_model_2.cif	4d1e.cif	0
p35609	4d1e	259-307	753-824	A	fold_p35609_4d1e_fullseq_ptm_model_1.cif	4d1e.cif	0
p35609	4d1e	259-307	753-824	A	fold_p35609_4d1e_fullseq_ptm_model_0.cif	4d1e.cif	0
p35609	4d1e	259-307	753-824	A	fold_p35609_4d1e_noptm_model_4.cif	4d1e.cif	0
p35609	4d1e	259-307	753-824	A	fold_p35609_4d1e_noptm_model_1.cif	4d1e.cif	0
p35609	4d1e	259-307	753-824	A	fold_p35609_4d1e_fullseq_ptm_model_3.cif	4d1e.cif	0
p35609	4d1e	259-307	753-824	A	fold_p35609_4d1e_fullseq_noptm_model_0.cif	4d1e.cif	0
p13864	3pt6	649-695	1142-1601	A	fold_p13864_3pt6_noptm_model_1.cif	3pt6.cif	0
p13864	3pt6	649-695	1142-1601	A	fold_p13864_3pt6_noptm_model_3.cif	3pt6.cif	0
p13864	3pt6	649-695	1142-1601	A	fold_p13864_3pt6_noptm_model_2.cif	3pt6.cif	0
p13864	3pt6	649-695	1142-1601	A	fold_p13864_3pt6_noptm_model_0.cif	3pt6.cif	0
p13864	3pt6	649-695	1142-1601	A	fold_p13864_3pt6_noptm_model_4.cif	3pt6.cif	0
